{
	"format_version": "1.8.0",
	"animations": {
		"idle": {
			"loop": true,
			"animation_length": 0.84,
			"bones": {
				"wing_right": {
					"rotation": {
						"0.0": {
							"post": {
								"vector": [0, 0, 0]
							},
							"lerp_mode": "catmullrom"
						},
						"0.04": [5.73604, 2.67682, -1.78454],
						"0.08": [21.43542, 10.0032, -6.6688],
						"0.12": [43.85158, 20.46407, -13.64271],
						"0.16": [68.64842, 32.03593, -21.35729],
						"0.2": [91.06458, 42.4968, -28.3312],
						"0.24": [106.76396, 49.82318, -33.21546],
						"0.28": {
							"vector": [112.5, 52.5, -35]
						},
						"0.32": [108.8987, 52.5, -32.32807],
						"0.36": [99.87974, 52.5, -25.63658],
						"0.4": [87.58835, 52.5, -16.51716],
						"0.48": [59.91165, 52.5, 4.01716],
						"0.52": [47.62026, 52.5, 13.13658],
						"0.56": [38.6013, 52.5, 19.82807],
						"0.6": {
							"pre": {
								"vector": [35, 52.5, 22.5]
							},
							"post": {
								"vector": [35, 52.5, 22.5]
							},
							"lerp_mode": "catmullrom"
						},
						"0.84": {
							"post": {
								"vector": [0, 0, 0]
							},
							"lerp_mode": "catmullrom"
						}
					}
				},
				"wing_left": {
					"rotation": {
						"0.0": {
							"post": {
								"vector": [0, 0, 0]
							},
							"lerp_mode": "catmullrom"
						},
						"0.04": [5.73604, -2.67682, 1.78454],
						"0.08": [21.43542, -10.0032, 6.6688],
						"0.12": [43.85158, -20.46407, 13.64271],
						"0.16": [68.64842, -32.03593, 21.35729],
						"0.2": [91.06458, -42.4968, 28.3312],
						"0.24": [106.76396, -49.82318, 33.21546],
						"0.28": {
							"vector": [112.5, -52.5, 35]
						},
						"0.32": [108.8987, -52.5, 32.32807],
						"0.36": [99.87974, -52.5, 25.63658],
						"0.4": [87.58835, -52.5, 16.51716],
						"0.48": [59.91165, -52.5, -4.01716],
						"0.52": [47.62026, -52.5, -13.13658],
						"0.56": [38.6013, -52.5, -19.82807],
						"0.6": {
							"pre": {
								"vector": [35, -52.5, -22.5]
							},
							"post": {
								"vector": [35, -52.5, -22.5]
							},
							"lerp_mode": "catmullrom"
						},
						"0.84": {
							"post": {
								"vector": [0, 0, 0]
							},
							"lerp_mode": "catmullrom"
						}
					}
				},
				"mob": {
					"rotation": {
						"0.0": {
							"vector": [0, 0, 0]
						},
						"0.2": {
							"pre": {
								"vector": [2.5, 0, 0]
							},
							"post": {
								"vector": [2.5, 0, 0]
							},
							"lerp_mode": "catmullrom"
						},
						"0.6": {
							"post": {
								"vector": [-2.5, 0, 0]
							},
							"lerp_mode": "catmullrom"
						},
						"0.84": {
							"post": {
								"vector": [0, 0, 0]
							},
							"lerp_mode": "catmullrom"
						}
					},
					"position": {
						"0.0": {
							"vector": [0, 0, 0]
						},
						"0.44": {
							"pre": {
								"vector": [0, 1, 0]
							},
							"post": {
								"vector": [0, 1, 0]
							},
							"lerp_mode": "catmullrom"
						},
						"0.84": {
							"vector": [0, 0, 0]
						}
					}
				},
				"left_leg": {
					"rotation": {
						"0.0": {
							"vector": [0, 0, 0]
						},
						"0.44": {
							"pre": {
								"vector": [25, 0, 0]
							},
							"post": {
								"vector": [25, 0, 0]
							},
							"lerp_mode": "catmullrom"
						},
						"0.84": {
							"post": {
								"vector": [0, 0, 0]
							},
							"lerp_mode": "catmullrom"
						}
					}
				},
				"right_leg": {
					"rotation": {
						"0.0": {
							"vector": [0, 0, 0]
						},
						"0.44": {
							"pre": {
								"vector": [25, 0, 0]
							},
							"post": {
								"vector": [25, 0, 0]
							},
							"lerp_mode": "catmullrom"
						},
						"0.84": {
							"post": {
								"vector": [0, 0, 0]
							},
							"lerp_mode": "catmullrom"
						}
					}
				},
				"tail": {
					"rotation": {
						"0.0": {
							"vector": [-25, 0, 0]
						},
						"0.2": {
							"pre": {
								"vector": [-35, 0, 0]
							},
							"post": {
								"vector": [-35, 0, 0]
							},
							"lerp_mode": "catmullrom"
						},
						"0.44": {
							"post": {
								"vector": [-27.5, 0, 0]
							},
							"lerp_mode": "catmullrom"
						},
						"0.68": {
							"post": {
								"vector": [-22.5, 0, 0]
							},
							"lerp_mode": "catmullrom"
						},
						"0.84": {
							"post": {
								"vector": [-25, 0, 0]
							},
							"lerp_mode": "catmullrom"
						}
					}
				},
				"tail_end": {
					"rotation": {
						"0.0": {
							"vector": [0, 0, 0]
						},
						"0.2": {
							"pre": {
								"vector": [-20, 0, 0]
							},
							"post": {
								"vector": [-20, 0, 0]
							},
							"lerp_mode": "catmullrom"
						},
						"0.44": {
							"post": {
								"vector": [-27.5, 0, 0]
							},
							"lerp_mode": "catmullrom"
						},
						"0.68": {
							"post": {
								"vector": [-15, 0, 0]
							},
							"lerp_mode": "catmullrom"
						},
						"0.84": {
							"post": {
								"vector": [0, 0, 0]
							},
							"lerp_mode": "catmullrom"
						}
					}
				}
			}
		}
	},
	"geckolib_format_version": 2
}